userId,emotionIndex,mean_dwell,std_dwell,mean_flight,std_flight,median_flight,cv_flight,n_keys,mean_del_freq,mean_left_freq,mean_tot_time,typistType,pcTimeAverage,ageRange,gender
13,N,97.875,24.884006868151424,476.07065217391306,1251.9615557299742,204.0,2.292415473643195,184,,,,One Finger Typist,between 1 hour and 3 hours per day,20-29,Female
19,H,155.91353149318832,63.725532995460746,472.3888888888889,565.5541561650444,334.0,1.1972215466271667,126,2.5,0.0,59665.0,Touch Typist,between 1 hour and 3 hours per day,20-29,Male
19,N,152.4375,38.561028787838005,454.8359375,1145.1333565792634,238.5,2.292415473643195,256,25.5,0.0,119528.0,Touch Typist,between 1 hour and 3 hours per day,20-29,Male
25,H,75.28947368421052,50.48415569970137,471.5438596491228,498.21492217593857,317.0,1.056561149044888,114,0.5,0.0,53846.0,Two Finger Typist,More than 3 hours per day,20-29,Female
25,N,71.82,30.600647019139156,411.04,340.7374922032574,298.0,0.8289643154030201,200,19.5,0.0,82270.0,Two Finger Typist,More than 3 hours per day,20-29,Female
29,A,77.57512953367876,34.71139647010774,308.1243523316062,290.0851259359773,199.0,0.9414547202805483,193,14.0,0.0,59566.0,Touch Typist,More than 3 hours per day,20-29,Female
29,N,99.06280193236715,36.08217317786276,333.03864734299515,210.3914946555686,281.0,0.6317329725366295,207,4.0,0.0,69571.0,Touch Typist,More than 3 hours per day,20-29,Female
31,H,88.67213114754098,78.75691680215145,423.4590163934426,373.1360319058755,284.5,0.8811620899794205,122,2.5,0.0,51703.0,Two Finger Typist,between 1 hour and 3 hours per day,20-29,Female
31,N,92.90923076923077,53.12217572828613,734.043706385014,1251.9615557299742,297.0,2.292415473643195,650,2.5,0.25,238372.66666666666,Two Finger Typist,between 1 hour and 3 hours per day,20-29,Female
35,N,104.88942307692308,54.56425794488716,302.8125,202.70351123299162,242.5,0.6694027202740694,208,3.0,0.0,63114.0,Touch Typist,More than 3 hours per day,20-29,Female
35,S,113.7517730496454,36.7200132330292,385.6241134751773,238.15338811683924,324.0,0.6175790874969993,141,1.5,0.0,54490.0,Touch Typist,More than 3 hours per day,20-29,Female
40,C,79.20394736842105,31.026657800170288,364.0328947368421,335.8307760897569,239.0,0.9225286531661587,152,0.5,0.0,55991.0,Two Finger Typist,More than 3 hours per day,20-29,Male
40,N,79.75862068965517,35.00757855813405,389.7536945812808,405.6841653350659,212.0,1.0408731744567543,203,5.5,0.0,79179.0,Two Finger Typist,More than 3 hours per day,20-29,Male
41,C,101.93506493506493,40.65552327632216,383.35064935064935,250.65095727963313,326.0,0.6538425269507337,154,1.0,0.0,59135.0,Touch Typist,More than 3 hours per day,20-29,Female
41,N,93.0,51.92292459992889,333.679802955665,368.4609157987427,227.0,1.1042349957503987,203,5.0,0.0,67852.0,Touch Typist,More than 3 hours per day,20-29,Female
41,S,114.19594594594595,49.357457622011125,349.0810810810811,224.28833827744742,286.5,0.6425107243934309,148,2.5,0.0,51769.0,Touch Typist,More than 3 hours per day,20-29,Female
44,N,92.3696682464455,43.10370472845678,301.87203791469193,179.15122030901176,270.0,0.593467422642303,211,2.5,0.0,63783.0,Touch Typist,less than an hour per day,20-29,Female
44,S,110.9136690647482,34.67185343327328,318.0431654676259,168.60024199716145,283.0,0.5301174818495622,139,4.5,0.0,44338.0,Touch Typist,less than an hour per day,20-29,Female
47,A,88.69491525423729,59.752497352893535,260.08474576271186,179.3845179421841,208.0,0.6897156440918124,177,12.5,0.0,46143.0,Two Finger Typist,More than 3 hours per day,30-39,Male
47,N,82.4298245614035,34.86259227391434,283.0394736842105,239.27186392612504,207.0,0.8453657039833344,228,16.5,0.0,64598.0,Two Finger Typist,More than 3 hours per day,30-39,Male
48,A,82.74096385542168,32.07546607477181,316.9457831325301,324.6370515276014,190.5,1.0242668267078827,166,5.5,0.0,52722.0,Touch Typist,More than 3 hours per day,20-29,Female
48,N,92.5774647887324,37.380373459309915,241.8544600938967,162.6408314015149,187.0,0.6724739801712643,213,4.0,0.0,51659.0,Touch Typist,More than 3 hours per day,20-29,Female
48,S,112.68085106382979,32.21940833653267,366.6595744680851,277.02967426889825,292.0,0.7555500894004654,141,2.0,0.0,51803.0,Touch Typist,More than 3 hours per day,20-29,Female
49,C,106.15822784810126,47.24317389466993,291.4367088607595,251.03367027558144,215.0,0.8613659935184024,158,28.0,0.0,46181.0,Touch Typist,More than 3 hours per day,20-29,Male
49,N,108.03896103896103,51.887279556606465,290.1038961038961,232.18730731977263,215.0,0.800359148698294,231,63.5,18.0,71064.0,Touch Typist,More than 3 hours per day,20-29,Male
52,C,75.81437125748504,22.58334570133834,324.377245508982,323.70426814309053,197.0,0.9979253249874677,167,10.5,0.0,54219.0,Touch Typist,less than an hour per day,20-29,Female
52,N,76.88038277511961,21.887607308678867,394.11483253588517,656.621207262616,201.0,1.666065707392093,209,5.5,0.0,82421.0,Touch Typist,less than an hour per day,20-29,Female
53,C,93.02923976608187,22.89038506102889,440.30409356725147,471.99375735611596,280.0,1.0719722215892236,171,10.0,0.0,75360.0,Touch Typist,less than an hour per day,20-29,Female
53,N,92.02380952380952,40.75641734495416,432.0047619047619,443.0607602776282,242.0,1.025592306723933,210,7.5,0.0,90853.0,Touch Typist,less than an hour per day,20-29,Female
55,C,99.89634146341463,68.73605771867321,568.3536585365854,1251.9615557299742,178.0,2.292415473643195,164,2.0,0.0,93377.0,Two Finger Typist,between 1 hour and 3 hours per day,20-29,Male
55,N,91.06572769953051,46.496047702405534,266.32394366197184,298.20151670557647,171.0,1.1196947319316692,213,7.5,0.0,56803.0,Two Finger Typist,between 1 hour and 3 hours per day,20-29,Male
56,C,48.19139597687092,12.14556321799664,553.9346405228758,745.116863610586,332.0,1.3451349836277569,153,0.0,0.0,84762.0,Touch Typist,between 1 hour and 3 hours per day,16-19,Female
56,C,48.19139597687092,12.14556321799664,553.9346405228758,745.116863610586,332.0,1.3451349836277569,153,0.0,0.0,84762.0,Touch Typist,More than 3 hours per day,20-29,Female
56,N,51.36644591611479,49.22265581095666,392.8587196467991,546.6816852167765,275.0,1.391547795370998,453,1.5,0.0,89349.0,Touch Typist,between 1 hour and 3 hours per day,16-19,Female
56,N,51.36644591611479,49.22265581095666,392.8587196467991,546.6816852167765,275.0,1.391547795370998,453,1.5,0.0,89349.0,Touch Typist,More than 3 hours per day,20-29,Female
56,S,60.03103448275862,61.81406209174853,465.62068965517244,496.6476554742848,313.5,1.0666357112311533,290,1.0,0.25,67594.5,Touch Typist,between 1 hour and 3 hours per day,16-19,Female
56,S,60.03103448275862,61.81406209174853,465.62068965517244,496.6476554742848,313.5,1.0666357112311533,290,1.0,0.25,67594.5,Touch Typist,More than 3 hours per day,20-29,Female
58,A,107.3896103896104,37.163533973016506,379.23376623376623,325.54984743678637,259.0,0.8584410894364082,154,5.0,0.0,58543.0,Touch Typist,More than 3 hours per day,20-29,Female
58,C,110.51851851851852,39.77252433780785,413.6358024691358,566.7565862228612,236.5,1.3701826167843658,162,4.5,0.0,67073.0,Touch Typist,More than 3 hours per day,20-29,Female
58,H,113.05555555555556,38.21577531420817,339.3611111111111,295.3645761868603,235.0,0.8703548123702195,108,7.5,0.0,36777.0,Touch Typist,More than 3 hours per day,20-29,Female
58,N,114.28921568627452,41.19328083060049,362.7598039215686,372.7549098399826,229.5,1.0275529587632455,204,10.5,0.0,74218.0,Touch Typist,More than 3 hours per day,20-29,Female
58,S,109.88194444444444,46.22663787622402,391.8611111111111,483.05572527590823,206.0,1.2327217771271495,144,1.0,0.0,56512.0,Touch Typist,More than 3 hours per day,20-29,Female
61,A,110.59162303664921,65.10461809947283,299.0890052356021,357.113099340509,192.0,1.1940027653614327,191,10.5,1.5,57230.0,Touch Typist,More than 3 hours per day,20-29,Male
61,N,100.47410358565737,49.80130848374597,378.0478087649402,1015.064926842209,176.0,2.292415473643195,251,18.0,2.5,97017.0,Touch Typist,More than 3 hours per day,20-29,Male
63,C,107.4875,39.06420895632788,312.8625,269.6623672216749,221.0,0.8619197482014462,160,3.5,2.5,50146.0,One Finger Typist,between 1 hour and 3 hours per day,20-29,Female
63,N,100.83710407239819,34.190119236318345,355.21719457013575,460.2145229754799,192.0,1.295586277945824,221,14.5,0.0,78569.0,One Finger Typist,between 1 hour and 3 hours per day,20-29,Female
65,A,81.25974025974025,35.75877883799139,282.14285714285717,207.22304703665552,203.0,0.7344614325349814,154,2.5,0.0,43530.0,Touch Typist,More than 3 hours per day,20-29,Female
65,N,91.67932489451476,39.46944906775104,317.7848101265823,260.57589435218796,233.0,0.8199759272584286,237,13.0,0.0,75401.0,Touch Typist,More than 3 hours per day,20-29,Female
65,S,107.4,31.26922095455014,344.51851851851853,231.81155019489216,272.0,0.6728565744207791,135,5.0,0.0,46633.0,Touch Typist,More than 3 hours per day,20-29,Female
67,H,74.92561983471074,33.20897601785201,224.8099173553719,147.27583610635676,180.0,0.6551127185085347,121,2.5,0.0,27284.0,Touch Typist,less than an hour per day,20-29,Female
67,H,74.92561983471074,33.20897601785201,224.8099173553719,147.27583610635676,180.0,0.6551127185085347,121,2.5,0.0,27284.0,Touch Typist,More than 3 hours per day,20-29,Female
67,N,89.0070588235294,40.28568319900025,283.57176470588234,475.9222131551254,179.0,1.6783131199565906,425,5.0,1.0,60388.5,Touch Typist,less than an hour per day,20-29,Female
67,N,89.0070588235294,40.28568319900025,283.57176470588234,475.9222131551254,179.0,1.6783131199565906,425,5.0,1.0,60388.5,Touch Typist,More than 3 hours per day,20-29,Female
67,S,114.70860927152317,34.966381836267345,402.0066225165563,304.4815155131477,317.0,0.7574042278385799,151,5.5,0.0,60805.0,Touch Typist,less than an hour per day,20-29,Female
67,S,114.70860927152317,34.966381836267345,402.0066225165563,304.4815155131477,317.0,0.7574042278385799,151,5.5,0.0,60805.0,Touch Typist,More than 3 hours per day,20-29,Female
70,H,90.52439024390245,48.46759294573239,424.4512195121951,653.2161779700284,231.5,1.5389664299250783,246,19.25,7.75,52311.5,One Finger Typist,less than an hour per day,20-29,Male
70,H,90.52439024390245,48.46759294573239,424.4512195121951,653.2161779700284,231.5,1.5389664299250783,246,19.25,7.75,52311.5,Two Finger Typist,between 1 hour and 3 hours per day,20-29,Male
70,N,95.64079822616408,51.388926807947,605.1840354767183,1251.9615557299742,249.0,2.292415473643195,451,15.5,0.25,136546.0,One Finger Typist,less than an hour per day,20-29,Male
70,N,95.64079822616408,51.388926807947,605.1840354767183,1251.9615557299742,249.0,2.292415473643195,451,15.5,0.25,136546.0,Two Finger Typist,between 1 hour and 3 hours per day,20-29,Male
72,N,103.41666666666667,43.961690942060926,457.42619047619047,1251.9615557299742,214.0,2.292415473643195,420,4.0,0.0,96438.5,Touch Typist,More than 3 hours per day,>=50,Female
72,N,103.41666666666667,43.961690942060926,457.42619047619047,1251.9615557299742,214.0,2.292415473643195,420,4.0,0.0,96438.5,Touch Typist,More than 3 hours per day,20-29,Female
72,S,98.18181818181819,29.21282671290573,304.61538461538464,576.4408270460988,164.0,1.8923562504038594,143,1.5,0.0,43731.0,Touch Typist,More than 3 hours per day,>=50,Female
72,S,98.18181818181819,29.21282671290573,304.61538461538464,576.4408270460988,164.0,1.8923562504038594,143,1.5,0.0,43731.0,Touch Typist,More than 3 hours per day,20-29,Female
73,H,115.71551724137932,41.00897166622737,734.043706385014,1251.9615557299742,354.5,2.292415473643195,116,7.5,0.0,140379.0,Touch Typist,More than 3 hours per day,20-29,Male
73,H,115.71551724137932,41.00897166622737,734.043706385014,1251.9615557299742,354.5,2.292415473643195,116,7.5,0.0,140379.0,One Finger Typist,less than an hour per day,20-29,Female
73,H,115.71551724137932,41.00897166622737,734.043706385014,1251.9615557299742,354.5,2.292415473643195,116,7.5,0.0,140379.0,Touch Typist,less than an hour per day,20-29,Female
73,N,118.12168486739469,81.9364500713007,592.588143525741,1251.9615557299742,237.0,2.292415473643195,641,4.666666666666667,0.0,126735.66666666667,Touch Typist,More than 3 hours per day,20-29,Male
73,N,118.12168486739469,81.9364500713007,592.588143525741,1251.9615557299742,237.0,2.292415473643195,641,4.666666666666667,0.0,126735.66666666667,One Finger Typist,less than an hour per day,20-29,Female
73,N,118.12168486739469,81.9364500713007,592.588143525741,1251.9615557299742,237.0,2.292415473643195,641,4.666666666666667,0.0,126735.66666666667,Touch Typist,less than an hour per day,20-29,Female
76,N,99.02487562189054,38.312196205770455,313.0199004975124,214.2681721628064,247.0,0.684519328714403,201,3.5,0.0,63011.0,Touch Typist,More than 3 hours per day,20-29,Female
76,S,116.76510067114094,40.41380371313891,354.8993288590604,225.33679732630497,304.0,0.6349315960971906,149,6.0,0.0,53020.0,Touch Typist,More than 3 hours per day,20-29,Female
77,C,123.58083832335329,33.291941450718085,423.1377245508982,320.6480432883861,318.0,0.7577864716002556,167,2.5,1.5,70730.0,Touch Typist,More than 3 hours per day,20-29,Female
77,N,104.61009174311927,39.11826908272414,296.07798165137615,320.7793194253998,219.0,1.0834284860909005,218,8.5,1.0,64643.0,Touch Typist,More than 3 hours per day,20-29,Female
79,N,86.70959595959596,43.22808520767966,734.043706385014,1251.9615557299742,183.0,2.292415473643195,396,40.0,0.0,551332.0,Touch Typist,More than 3 hours per day,20-29,Female
82,N,95.83955223880596,81.9364500713007,734.043706385014,1251.9615557299742,408.875,1.8966906354025632,268,11.5,6.0,262286.0,Two Finger Typist,More than 3 hours per day,30-39,Female
83,N,136.35169491525423,81.9364500713007,439.81779661016947,782.1558999119288,283.5,1.7783634630983094,236,12.0,1.0,106787.0,Touch Typist,less than an hour per day,20-29,Female
84,H,66.6283185840708,18.297733412651276,734.043706385014,1055.1108737522518,408.875,1.2082605747439064,113,1.5,0.5,98736.0,One Finger Typist,less than an hour per day,>=50,Male
84,N,63.33920704845815,18.888925567722445,734.043706385014,1078.0348778077946,408.875,1.1723945636102593,227,5.0,1.0,208779.0,One Finger Typist,less than an hour per day,>=50,Male
86,N,104.83482142857143,49.26922871958394,734.043706385014,1029.3676251949482,408.875,1.3568380706120375,224,5.0,10.0,172796.0,Touch Typist,less than an hour per day,30-39,Male
87,A,73.9375,22.816105836329548,287.65625,256.4315360190597,189.0,0.8914512930591975,160,4.0,0.0,46153.0,Touch Typist,More than 3 hours per day,20-29,Female
87,A,73.9375,22.816105836329548,287.65625,256.4315360190597,189.0,0.8914512930591975,160,4.0,0.0,46153.0,Touch Typist,less than an hour per day,20-29,Female
87,A,73.9375,22.816105836329548,287.65625,256.4315360190597,189.0,0.8914512930591975,160,4.0,0.0,46153.0,Touch Typist,More than 3 hours per day,20-29,Female
87,C,80.35934291581108,62.312205354913125,394.65092402464063,488.2282418775462,283.0,1.2371141486217907,487,4.333333333333333,0.8333333333333334,64688.333333333336,Touch Typist,More than 3 hours per day,20-29,Female
87,C,80.35934291581108,62.312205354913125,394.65092402464063,488.2282418775462,283.0,1.2371141486217907,487,4.333333333333333,0.8333333333333334,64688.333333333336,Touch Typist,less than an hour per day,20-29,Female
87,C,80.35934291581108,62.312205354913125,394.65092402464063,488.2282418775462,283.0,1.2371141486217907,487,4.333333333333333,0.8333333333333334,64688.333333333336,Touch Typist,More than 3 hours per day,20-29,Female
87,H,85.95901639344262,31.18444132644842,253.44262295081967,152.76374289561153,200.5,0.6027547423436158,122,8.5,0.0,31031.0,Touch Typist,More than 3 hours per day,20-29,Female
87,H,85.95901639344262,31.18444132644842,253.44262295081967,152.76374289561153,200.5,0.6027547423436158,122,8.5,0.0,31031.0,Touch Typist,less than an hour per day,20-29,Female
87,H,85.95901639344262,31.18444132644842,253.44262295081967,152.76374289561153,200.5,0.6027547423436158,122,8.5,0.0,31031.0,Touch Typist,More than 3 hours per day,20-29,Female
87,N,65.10518292682927,61.601746559680656,380.407012195122,525.5629048102481,246.5,1.3815804860628376,656,4.166666666666667,2.6666666666666665,83269.0,Touch Typist,More than 3 hours per day,20-29,Female
87,N,65.10518292682927,61.601746559680656,380.407012195122,525.5629048102481,246.5,1.3815804860628376,656,4.166666666666667,2.6666666666666665,83269.0,Touch Typist,less than an hour per day,20-29,Female
87,N,65.10518292682927,61.601746559680656,380.407012195122,525.5629048102481,246.5,1.3815804860628376,656,4.166666666666667,2.6666666666666665,83269.0,Touch Typist,More than 3 hours per day,20-29,Female
87,S,122.88194444444444,37.37403019819555,363.7916666666667,187.34661325068973,336.0,0.5149832456782215,144,1.5,0.0,52942.0,Touch Typist,More than 3 hours per day,20-29,Female
87,S,122.88194444444444,37.37403019819555,363.7916666666667,187.34661325068973,336.0,0.5149832456782215,144,1.5,0.0,52942.0,Touch Typist,less than an hour per day,20-29,Female
87,S,122.88194444444444,37.37403019819555,363.7916666666667,187.34661325068973,336.0,0.5149832456782215,144,1.5,0.0,52942.0,Touch Typist,More than 3 hours per day,20-29,Female
89,C,128.64736842105262,36.42353545219207,471.89473684210526,1251.9615557299742,185.5,2.292415473643195,190,9.5,6.0,90612.0,Touch Typist,More than 3 hours per day,20-29,Male
89,N,129.2310924369748,35.83308055544045,240.49159663865547,192.42074902365377,188.5,0.800114231487143,238,21.0,0.0,57374.0,Touch Typist,More than 3 hours per day,20-29,Male
89,S,128.82631578947368,35.39207967632155,344.2473684210526,600.839506930325,174.0,1.745371387110887,190,8.5,0.0,65496.0,Touch Typist,More than 3 hours per day,20-29,Male
93,A,71.19047619047619,27.004840273111995,304.14814814814815,447.4211915144757,198.0,1.4710633427777458,189,12.5,0.0,57568.0,Touch Typist,less than an hour per day,20-29,Female
93,A,71.19047619047619,27.004840273111995,304.14814814814815,447.4211915144757,198.0,1.4710633427777458,189,12.5,0.0,57568.0,Touch Typist,More than 3 hours per day,20-29,Female
93,A,71.19047619047619,27.004840273111995,304.14814814814815,447.4211915144757,198.0,1.4710633427777458,189,12.5,0.0,57568.0,Touch Typist,More than 3 hours per day,20-29,Female
93,A,71.19047619047619,27.004840273111995,304.14814814814815,447.4211915144757,198.0,1.4710633427777458,189,12.5,0.0,57568.0,Touch Typist,More than 3 hours per day,20-29,Female
93,C,122.78025477707007,47.44237592912792,377.2643312101911,227.21706459357873,305.5,0.6022755023373407,314,2.75,0.75,59345.0,Touch Typist,less than an hour per day,20-29,Female
93,C,122.78025477707007,47.44237592912792,377.2643312101911,227.21706459357873,305.5,0.6022755023373407,314,2.75,0.75,59345.0,Touch Typist,More than 3 hours per day,20-29,Female
93,C,122.78025477707007,47.44237592912792,377.2643312101911,227.21706459357873,305.5,0.6022755023373407,314,2.75,0.75,59345.0,Touch Typist,More than 3 hours per day,20-29,Female
93,C,122.78025477707007,47.44237592912792,377.2643312101911,227.21706459357873,305.5,0.6022755023373407,314,2.75,0.75,59345.0,Touch Typist,More than 3 hours per day,20-29,Female
93,N,100.2238514173998,40.44870320570133,317.00097751710655,270.93633938444555,228.0,0.8546861322212325,1023,9.444444444444445,0.0,65074.2,Touch Typist,less than an hour per day,20-29,Female
93,N,100.2238514173998,40.44870320570133,317.00097751710655,270.93633938444555,228.0,0.8546861322212325,1023,9.444444444444445,0.0,65074.2,Touch Typist,More than 3 hours per day,20-29,Female
93,N,100.2238514173998,40.44870320570133,317.00097751710655,270.93633938444555,228.0,0.8546861322212325,1023,9.444444444444445,0.0,65074.2,Touch Typist,More than 3 hours per day,20-29,Female
93,N,100.2238514173998,40.44870320570133,317.00097751710655,270.93633938444555,228.0,0.8546861322212325,1023,9.444444444444445,0.0,65074.2,Touch Typist,More than 3 hours per day,20-29,Female
93,S,103.91275167785236,47.59172266293539,314.0469798657718,163.46734261712228,264.0,0.5205187538724003,149,3.5,0.0,46891.0,Touch Typist,less than an hour per day,20-29,Female
93,S,103.91275167785236,47.59172266293539,314.0469798657718,163.46734261712228,264.0,0.5205187538724003,149,3.5,0.0,46891.0,Touch Typist,More than 3 hours per day,20-29,Female
93,S,103.91275167785236,47.59172266293539,314.0469798657718,163.46734261712228,264.0,0.5205187538724003,149,3.5,0.0,46891.0,Touch Typist,More than 3 hours per day,20-29,Female
93,S,103.91275167785236,47.59172266293539,314.0469798657718,163.46734261712228,264.0,0.5205187538724003,149,3.5,0.0,46891.0,Touch Typist,More than 3 hours per day,20-29,Female
94,C,110.21818181818182,75.09977694157325,263.58787878787876,204.4684956315737,197.0,0.77571281567207,165,6.5,0.0,43685.0,Touch Typist,More than 3 hours per day,20-29,Male
94,C,110.21818181818182,75.09977694157325,263.58787878787876,204.4684956315737,197.0,0.77571281567207,165,6.5,0.0,43685.0,Touch Typist,less than an hour per day,20-29,Female
94,H,139.8095238095238,81.9364500713007,303.93650793650795,319.58357269501187,218.0,1.051481359921963,126,7.5,5.5,39048.0,Touch Typist,More than 3 hours per day,20-29,Male
94,H,139.8095238095238,81.9364500713007,303.93650793650795,319.58357269501187,218.0,1.051481359921963,126,7.5,5.5,39048.0,Touch Typist,less than an hour per day,20-29,Female
94,N,115.47732181425486,81.9364500713007,301.7732181425486,322.33904063373615,203.0,1.0681499260198528,463,13.0,0.0,71396.5,Touch Typist,More than 3 hours per day,20-29,Male
94,N,115.47732181425486,81.9364500713007,301.7732181425486,322.33904063373615,203.0,1.0681499260198528,463,13.0,0.0,71396.5,Touch Typist,less than an hour per day,20-29,Female
95,N,119.8146551724138,39.77561687411118,274.7931034482759,235.57655228579887,205.0,0.8572869891188563,232,13.5,0.0,64764.0,Touch Typist,More than 3 hours per day,30-39,Male
95,S,123.18181818181819,54.28655091631454,255.07954545454547,229.6970039777699,190.5,0.9004916625849223,176,21.0,0.0,45005.0,Touch Typist,More than 3 hours per day,30-39,Male
97,N,93.85355648535565,66.71033188461449,509.02510460251045,1012.2296544345511,222.0,1.9885652893779866,239,13.0,0.0,122743.0,Two Finger Typist,less than an hour per day,20-29,Female
97,S,102.53086419753086,59.94191524280178,392.2345679012346,611.6825237437627,241.0,1.559481427189726,162,11.0,0.0,72687.0,Two Finger Typist,less than an hour per day,20-29,Female
98,H,102.47692307692307,15.321472688448528,734.043706385014,1251.9615557299742,364.0,2.1349840140744636,130,30.0,0.0,96806.0,Two Finger Typist,less than an hour per day,20-29,Male
98,N,96.39285714285714,22.720458418993893,560.4489795918367,741.0933381464898,313.5,1.3223207912452841,196,4.5,0.0,109910.0,Two Finger Typist,less than an hour per day,20-29,Male
99,C,122.46875,49.34194917221255,476.0625,538.420724501135,301.0,1.1309874743361112,160,5.0,0.0,76312.0,Touch Typist,between 1 hour and 3 hours per day,16-19,Female
99,N,122.21698113207547,79.91618888447786,603.8632075471698,1251.9615557299742,299.5,2.292415473643195,212,5.0,0.0,128181.0,Touch Typist,between 1 hour and 3 hours per day,16-19,Female
100,A,109.08888888888889,81.9364500713007,522.5444444444445,425.36680618187125,405.5,0.8140299082771993,180,1.0,5.0,94165.0,Touch Typist,More than 3 hours per day,16-19,Female
100,A,109.08888888888889,81.9364500713007,522.5444444444445,425.36680618187125,405.5,0.8140299082771993,180,1.0,5.0,94165.0,Touch Typist,between 1 hour and 3 hours per day,20-29,Male
100,A,109.08888888888889,81.9364500713007,522.5444444444445,425.36680618187125,405.5,0.8140299082771993,180,1.0,5.0,94165.0,Touch Typist,More than 3 hours per day,20-29,Female
100,H,108.39370078740157,37.929966144258344,484.0236220472441,585.8052390478597,265.5,1.2102823340937703,254,3.5,0.0,61544.5,Touch Typist,More than 3 hours per day,16-19,Female
100,H,108.39370078740157,37.929966144258344,484.0236220472441,585.8052390478597,265.5,1.2102823340937703,254,3.5,0.0,61544.5,Touch Typist,between 1 hour and 3 hours per day,20-29,Male
100,H,108.39370078740157,37.929966144258344,484.0236220472441,585.8052390478597,265.5,1.2102823340937703,254,3.5,0.0,61544.5,Touch Typist,More than 3 hours per day,20-29,Female
100,N,105.11641791044777,61.805143910165995,541.8761194029851,801.9270724160069,283.0,1.479908495136369,670,29.666666666666668,0.8333333333333334,122799.66666666667,Touch Typist,More than 3 hours per day,16-19,Female
100,N,105.11641791044777,61.805143910165995,541.8761194029851,801.9270724160069,283.0,1.479908495136369,670,29.666666666666668,0.8333333333333334,122799.66666666667,Touch Typist,between 1 hour and 3 hours per day,20-29,Male
100,N,105.11641791044777,61.805143910165995,541.8761194029851,801.9270724160069,283.0,1.479908495136369,670,29.666666666666668,0.8333333333333334,122799.66666666667,Touch Typist,More than 3 hours per day,20-29,Female
101,A,114.76041666666667,36.967863443458164,225.42708333333334,217.03949237910945,163.5,0.9627924434358164,192,12.0,0.0,43413.0,Touch Typist,between 1 hour and 3 hours per day,20-29,Male
101,A,114.76041666666667,36.967863443458164,225.42708333333334,217.03949237910945,163.5,0.9627924434358164,192,12.0,0.0,43413.0,Touch Typist,More than 3 hours per day,20-29,Male
101,H,122.76470588235294,33.497964998234316,269.93277310924367,606.6683919697202,159.0,2.247479566789014,119,5.0,0.0,32199.0,Touch Typist,between 1 hour and 3 hours per day,20-29,Male
101,H,122.76470588235294,33.497964998234316,269.93277310924367,606.6683919697202,159.0,2.247479566789014,119,5.0,0.0,32199.0,Touch Typist,More than 3 hours per day,20-29,Male
101,N,140.67753623188406,49.53993066111189,240.65579710144928,338.90506206538737,153.5,1.4082563817173326,276,28.0,0.0,67307.0,Touch Typist,between 1 hour and 3 hours per day,20-29,Male
101,N,140.67753623188406,49.53993066111189,240.65579710144928,338.90506206538737,153.5,1.4082563817173326,276,28.0,0.0,67307.0,Touch Typist,More than 3 hours per day,20-29,Male
103,H,115.3030303030303,30.04498901302791,127.83333333333333,87.32086716380675,106.0,0.6830837066269109,132,7.0,0.0,16968.0,Touch Typist,More than 3 hours per day,20-29,Male
103,N,113.59174311926606,29.20219241955685,126.4908256880734,106.77554047850276,100.0,0.8441366391410193,218,5.0,0.0,27679.0,Touch Typist,More than 3 hours per day,20-29,Male
104,A,155.91353149318832,54.301662209796014,417.9378531073446,356.2404090924619,288.0,0.8523765111100476,177,13.0,0.0,80107.0,Two Finger Typist,More than 3 hours per day,20-29,Female
104,A,155.91353149318832,54.301662209796014,417.9378531073446,356.2404090924619,288.0,0.8523765111100476,177,13.0,0.0,80107.0,Touch Typist,More than 3 hours per day,30-39,Male
104,A,155.91353149318832,54.301662209796014,417.9378531073446,356.2404090924619,288.0,0.8523765111100476,177,13.0,0.0,80107.0,Touch Typist,More than 3 hours per day,20-29,Female
104,C,147.42011834319527,51.71586587614332,482.8165680473373,696.2689995424655,278.0,1.4420983984837084,169,12.0,0.5,82813.0,Two Finger Typist,More than 3 hours per day,20-29,Female
104,C,147.42011834319527,51.71586587614332,482.8165680473373,696.2689995424655,278.0,1.4420983984837084,169,12.0,0.5,82813.0,Touch Typist,More than 3 hours per day,30-39,Male
104,C,147.42011834319527,51.71586587614332,482.8165680473373,696.2689995424655,278.0,1.4420983984837084,169,12.0,0.5,82813.0,Touch Typist,More than 3 hours per day,20-29,Female
104,H,71.38333333333334,26.26503037744848,352.28333333333336,480.6430248811968,184.0,1.364364928460605,120,5.0,0.0,42345.0,Two Finger Typist,More than 3 hours per day,20-29,Female
104,H,71.38333333333334,26.26503037744848,352.28333333333336,480.6430248811968,184.0,1.364364928460605,120,5.0,0.0,42345.0,Touch Typist,More than 3 hours per day,30-39,Male
104,H,71.38333333333334,26.26503037744848,352.28333333333336,480.6430248811968,184.0,1.364364928460605,120,5.0,0.0,42345.0,Touch Typist,More than 3 hours per day,20-29,Female
104,N,75.25587467362924,76.91402422384259,734.043706385014,1251.9615557299742,224.0,2.292415473643195,766,11.8,1.2,302953.3333333333,Two Finger Typist,More than 3 hours per day,20-29,Female
104,N,75.25587467362924,76.91402422384259,734.043706385014,1251.9615557299742,224.0,2.292415473643195,766,11.8,1.2,302953.3333333333,Touch Typist,More than 3 hours per day,30-39,Male
104,N,75.25587467362924,76.91402422384259,734.043706385014,1251.9615557299742,224.0,2.292415473643195,766,11.8,1.2,302953.3333333333,Touch Typist,More than 3 hours per day,20-29,Female
104,S,115.9775641025641,77.57147607308144,734.043706385014,1251.9615557299742,229.0,2.292415473643195,312,7.0,0.0,120024.0,Two Finger Typist,More than 3 hours per day,20-29,Female
104,S,115.9775641025641,77.57147607308144,734.043706385014,1251.9615557299742,229.0,2.292415473643195,312,7.0,0.0,120024.0,Touch Typist,More than 3 hours per day,30-39,Male
104,S,115.9775641025641,77.57147607308144,734.043706385014,1251.9615557299742,229.0,2.292415473643195,312,7.0,0.0,120024.0,Touch Typist,More than 3 hours per day,20-29,Female
106,A,92.25903614457832,81.9364500713007,537.1234939759037,1251.9615557299742,210.5,2.292415473643195,332,5.5,1.25,89676.0,Two Finger Typist,less than an hour per day,20-29,Female
106,A,92.25903614457832,81.9364500713007,537.1234939759037,1251.9615557299742,210.5,2.292415473643195,332,5.5,1.25,89676.0,Touch Typist,More than 3 hours per day,20-29,Female
106,N,109.23058823529412,60.24504603357131,526.0635294117648,1251.9615557299742,256.0,2.292415473643195,425,5.5,0.0,111932.5,Two Finger Typist,less than an hour per day,20-29,Female
106,N,109.23058823529412,60.24504603357131,526.0635294117648,1251.9615557299742,256.0,2.292415473643195,425,5.5,0.0,111932.5,Touch Typist,More than 3 hours per day,20-29,Female
106,S,101.22727272727273,36.84287296990063,565.6573426573426,1251.9615557299742,330.5,2.292415473643195,286,19.0,0.0,81920.0,Two Finger Typist,less than an hour per day,20-29,Female
106,S,101.22727272727273,36.84287296990063,565.6573426573426,1251.9615557299742,330.5,2.292415473643195,286,19.0,0.0,81920.0,Touch Typist,More than 3 hours per day,20-29,Female
108,A,64.94545454545455,19.759608513406945,259.8909090909091,210.53193426100634,179.0,0.8100781016059431,165,5.5,0.0,42932.0,Touch Typist,More than 3 hours per day,20-29,Female
108,N,73.2156862745098,34.67076037022928,260.4852941176471,165.6595261384195,218.0,0.6359649848931589,204,2.0,0.0,53215.0,Touch Typist,More than 3 hours per day,20-29,Female
108,S,111.39716312056737,43.87870935603932,402.27659574468083,263.0943097170121,332.0,0.6540134636219163,141,4.0,0.0,56899.0,Touch Typist,More than 3 hours per day,20-29,Female
109,A,101.5919540229885,38.49330162701249,393.3965517241379,462.29616434906296,261.0,1.1751403572882344,174,6.5,0.0,68558.0,Touch Typist,More than 3 hours per day,20-29,Male
109,A,101.5919540229885,38.49330162701249,393.3965517241379,462.29616434906296,261.0,1.1751403572882344,174,6.5,0.0,68558.0,Two Finger Typist,between 1 hour and 3 hours per day,16-19,Female
109,H,115.55813953488372,53.612164398684996,150.71317829457365,82.44630769840923,130.0,0.5470411322443571,129,4.5,0.0,19565.0,Touch Typist,More than 3 hours per day,20-29,Male
109,H,115.55813953488372,53.612164398684996,150.71317829457365,82.44630769840923,130.0,0.5470411322443571,129,4.5,0.0,19565.0,Two Finger Typist,between 1 hour and 3 hours per day,16-19,Female
109,N,115.0889423076923,42.688552940239234,275.02884615384613,323.97404199840753,171.0,1.1779638628058031,416,12.5,0.0,57307.5,Touch Typist,More than 3 hours per day,20-29,Male
109,N,115.0889423076923,42.688552940239234,275.02884615384613,323.97404199840753,171.0,1.1779638628058031,416,12.5,0.0,57307.5,Two Finger Typist,between 1 hour and 3 hours per day,16-19,Female
110,C,118.3741935483871,81.9364500713007,229.86451612903227,161.78260535377888,168.0,0.7038172227633591,155,5.5,0.0,35736.0,Touch Typist,More than 3 hours per day,20-29,Female
110,C,118.3741935483871,81.9364500713007,229.86451612903227,161.78260535377888,168.0,0.7038172227633591,155,5.5,0.0,35736.0,Touch Typist,between 1 hour and 3 hours per day,20-29,Male
110,H,149.77777777777777,58.678209170056974,409.6502057613169,564.3019283987834,266.0,1.3775214084173422,243,7.0,0.0,49923.0,Touch Typist,More than 3 hours per day,20-29,Female
110,H,149.77777777777777,58.678209170056974,409.6502057613169,564.3019283987834,266.0,1.3775214084173422,243,7.0,0.0,49923.0,Touch Typist,between 1 hour and 3 hours per day,20-29,Male
110,N,152.59866962305986,81.9364500713007,449.9246119733925,716.1627428902007,261.0,1.591739424409512,451,15.25,0.0,101569.5,Touch Typist,More than 3 hours per day,20-29,Female
110,N,152.59866962305986,81.9364500713007,449.9246119733925,716.1627428902007,261.0,1.591739424409512,451,15.25,0.0,101569.5,Touch Typist,between 1 hour and 3 hours per day,20-29,Male
112,N,90.5871121718377,50.69515728610088,326.0286396181384,301.9348913319678,246.0,0.92609928896311,419,2.75,0.0,68456.5,Touch Typist,More than 3 hours per day,20-29,Female
112,N,90.5871121718377,50.69515728610088,326.0286396181384,301.9348913319678,246.0,0.92609928896311,419,2.75,0.0,68456.5,Touch Typist,More than 3 hours per day,20-29,Female
112,S,131.72535211267606,40.006408062276094,385.3732394366197,280.1649617700544,324.0,0.7269964104918903,142,2.0,0.0,54822.0,Touch Typist,More than 3 hours per day,20-29,Female
112,S,131.72535211267606,40.006408062276094,385.3732394366197,280.1649617700544,324.0,0.7269964104918903,142,2.0,0.0,54822.0,Touch Typist,More than 3 hours per day,20-29,Female
113,A,88.87647058823529,30.69591321432317,331.5882352941176,384.60130109961693,206.0,1.159876196326679,170,5.0,0.0,56462.0,Two Finger Typist,less than an hour per day,20-29,Female
113,A,88.87647058823529,30.69591321432317,331.5882352941176,384.60130109961693,206.0,1.159876196326679,170,5.0,0.0,56462.0,Touch Typist,More than 3 hours per day,30-39,Male
113,C,92.55681818181819,52.1807535300233,439.65340909090907,610.5126270272715,242.0,1.3886225249331186,176,15.5,0.0,78186.0,Two Finger Typist,less than an hour per day,20-29,Female
113,C,92.55681818181819,52.1807535300233,439.65340909090907,610.5126270272715,242.0,1.3886225249331186,176,15.5,0.0,78186.0,Touch Typist,More than 3 hours per day,30-39,Male
113,H,91.94890510948905,54.42984167011306,352.13868613138686,326.24168194223176,237.0,0.9264579405527382,137,12.0,0.0,48354.0,Two Finger Typist,less than an hour per day,20-29,Female
113,H,91.94890510948905,54.42984167011306,352.13868613138686,326.24168194223176,237.0,0.9264579405527382,137,12.0,0.0,48354.0,Touch Typist,More than 3 hours per day,30-39,Male
113,N,88.47639484978541,35.812377469951905,361.3090128755365,380.78835957669133,221.0,1.053913259860653,233,17.25,0.0,60920.5,Two Finger Typist,less than an hour per day,20-29,Female
113,N,88.47639484978541,35.812377469951905,361.3090128755365,380.78835957669133,221.0,1.053913259860653,233,17.25,0.0,60920.5,Touch Typist,More than 3 hours per day,30-39,Male
113,S,97.79591836734694,49.710936860012396,321.1904761904762,354.1811960490042,219.0,1.102713879470584,147,6.5,0.0,47297.0,Two Finger Typist,less than an hour per day,20-29,Female
113,S,97.79591836734694,49.710936860012396,321.1904761904762,354.1811960490042,219.0,1.102713879470584,147,6.5,0.0,47297.0,Touch Typist,More than 3 hours per day,30-39,Male
114,N,131.52582159624413,45.33591125110448,347.23474178403757,363.7353398647984,221.0,1.0475200090750805,213,14.0,0.0,74074.0,Touch Typist,between 1 hour and 3 hours per day,20-29,Male
114,N,131.52582159624413,45.33591125110448,347.23474178403757,363.7353398647984,221.0,1.0475200090750805,213,14.0,0.0,74074.0,Touch Typist,More than 3 hours per day,20-29,Male
114,S,139.03496503496504,48.73143020642382,324.1958041958042,246.09191168414242,264.0,0.7590841969549691,143,9.0,0.0,46453.0,Touch Typist,between 1 hour and 3 hours per day,20-29,Male
114,S,139.03496503496504,48.73143020642382,324.1958041958042,246.09191168414242,264.0,0.7590841969549691,143,9.0,0.0,46453.0,Touch Typist,More than 3 hours per day,20-29,Male
115,C,109.70469798657719,24.374472511466283,581.2416107382551,316.51121091554694,408.875,0.5445432760974135,149,0.5,0.0,86712.0,Two Finger Typist,More than 3 hours per day,20-29,Female
115,N,102.83157894736843,28.162473673661207,447.7736842105263,368.4068465634432,309.5,0.8227523401983404,190,9.5,0.0,85154.0,Two Finger Typist,More than 3 hours per day,20-29,Female
117,H,125.41176470588235,61.65104553956895,254.46323529411765,219.25249804187752,184.5,0.8616274087235339,136,11.0,0.0,34787.0,Touch Typist,More than 3 hours per day,>=50,Female
117,N,135.93574297188755,63.53107481609696,240.19277108433735,194.41855773740673,170.0,0.8094271815913302,249,19.0,0.0,61159.0,Touch Typist,More than 3 hours per day,>=50,Female
118,H,100.4873417721519,44.23241128601788,515.6012658227849,1251.9615557299742,165.5,2.292415473643195,158,27.0,0.0,81551.0,Touch Typist,More than 3 hours per day,20-29,Male
118,N,109.16,65.88722236844234,261.32444444444445,514.3025674377058,155.0,1.9680614591224836,225,17.5,0.0,58863.0,Touch Typist,More than 3 hours per day,20-29,Male
120,C,81.46129032258065,38.476279225707344,475.4290322580645,633.7424005243467,233.5,1.3329905359678351,310,17.5,1.5,152388.0,Touch Typist,More than 3 hours per day,20-29,Female
120,C,81.46129032258065,38.476279225707344,475.4290322580645,633.7424005243467,233.5,1.3329905359678351,310,17.5,1.5,152388.0,Touch Typist,More than 3 hours per day,20-29,Male
120,H,155.91353149318832,41.02092306411764,415.904,290.60283350082756,313.0,0.6987257480111456,125,4.0,0.0,53774.0,Touch Typist,More than 3 hours per day,20-29,Female
120,H,155.91353149318832,41.02092306411764,415.904,290.60283350082756,313.0,0.6987257480111456,125,4.0,0.0,53774.0,Touch Typist,More than 3 hours per day,20-29,Male
120,N,104.62269129287598,63.099783527795424,734.043706385014,1251.9615557299742,232.0,2.292415473643195,758,12.25,0.0,404442.0,Touch Typist,More than 3 hours per day,20-29,Female
120,N,104.62269129287598,63.099783527795424,734.043706385014,1251.9615557299742,232.0,2.292415473643195,758,12.25,0.0,404442.0,Touch Typist,More than 3 hours per day,20-29,Male
121,H,86.104,40.99268699532605,485.4,656.8214025431188,265.0,1.3531549290134297,125,41.0,0.5,60732.0,Touch Typist,less than an hour per day,30-39,Male
121,H,86.104,40.99268699532605,485.4,656.8214025431188,265.0,1.3531549290134297,125,41.0,0.5,60732.0,Touch Typist,less than an hour per day,20-29,Female
121,N,108.25352112676056,61.997886486145354,485.53051643192487,441.25911316244697,334.5,0.9088184948809801,426,17.0,2.25,103934.5,Touch Typist,less than an hour per day,30-39,Male
121,N,108.25352112676056,61.997886486145354,485.53051643192487,441.25911316244697,334.5,0.9088184948809801,426,17.0,2.25,103934.5,Touch Typist,less than an hour per day,20-29,Female
121,S,97.17834394904459,71.89722928799968,389.96815286624206,356.07398792483343,238.0,0.9130847873286869,157,14.5,0.0,61291.0,Touch Typist,less than an hour per day,30-39,Male
121,S,97.17834394904459,71.89722928799968,389.96815286624206,356.07398792483343,238.0,0.9130847873286869,157,14.5,0.0,61291.0,Touch Typist,less than an hour per day,20-29,Female
122,N,92.77362204724409,35.73574298234007,385.15354330708664,1251.9615557299742,178.5,2.292415473643195,508,33.0,12.0,98816.0,Touch Typist,More than 3 hours per day,20-29,Male
122,N,92.77362204724409,35.73574298234007,385.15354330708664,1251.9615557299742,178.5,2.292415473643195,508,33.0,12.0,98816.0,Touch Typist,More than 3 hours per day,20-29,Male
122,N,92.77362204724409,35.73574298234007,385.15354330708664,1251.9615557299742,178.5,2.292415473643195,508,33.0,12.0,98816.0,Two Finger Typist,less than an hour per day,30-39,Male
122,S,106.72077922077922,47.14010500669721,278.56493506493507,262.79657197067513,179.0,0.9433943001814488,154,,,,Touch Typist,More than 3 hours per day,20-29,Male
122,S,106.72077922077922,47.14010500669721,278.56493506493507,262.79657197067513,179.0,0.9433943001814488,154,,,,Touch Typist,More than 3 hours per day,20-29,Male
122,S,106.72077922077922,47.14010500669721,278.56493506493507,262.79657197067513,179.0,0.9433943001814488,154,,,,Two Finger Typist,less than an hour per day,30-39,Male
123,N,128.69951923076923,55.1462773302311,249.15144230769232,249.77475857662458,170.0,1.002501756615009,416,7.666666666666667,0.0,51921.0,Two Finger Typist,between 1 hour and 3 hours per day,20-29,Male
123,N,128.69951923076923,55.1462773302311,249.15144230769232,249.77475857662458,170.0,1.002501756615009,416,7.666666666666667,0.0,51921.0,Touch Typist,More than 3 hours per day,20-29,Female
126,N,82.14953271028037,81.9364500713007,298.35046728971963,292.17003148894327,204.0,0.9792846451459559,214,15.5,0.5,93320.0,Touch Typist,More than 3 hours per day,20-29,Female
127,C,120.59210526315789,56.68740300203101,361.7236842105263,295.8750227785669,262.0,0.817958667606529,152,12.5,0.0,57625.0,Two Finger Typist,between 1 hour and 3 hours per day,30-39,Female
127,N,120.38942307692308,61.22412523488319,447.7548076923077,449.5171671378678,262.5,1.0039359922334348,208,6.5,4.0,95603.0,Two Finger Typist,between 1 hour and 3 hours per day,30-39,Female
128,N,92.78139534883721,52.807918797880376,346.3813953488372,277.10661875336433,246.0,0.8000043376298922,215,8.0,0.0,74653.0,Touch Typist,between 1 hour and 3 hours per day,20-29,Female
128,S,125.94805194805195,49.321248149819866,379.07142857142856,349.06064621193485,302.0,0.9208307983732973,154,7.5,2.5,58424.0,Touch Typist,between 1 hour and 3 hours per day,20-29,Female
130,A,86.81714285714285,29.61808128350411,262.3828571428571,208.85651111030546,181.0,0.7959990732038994,175,9.5,0.0,46603.0,Touch Typist,More than 3 hours per day,20-29,Female
130,A,86.81714285714285,29.61808128350411,262.3828571428571,208.85651111030546,181.0,0.7959990732038994,175,9.5,0.0,46603.0,Touch Typist,between 1 hour and 3 hours per day,20-29,Female
130,A,86.81714285714285,29.61808128350411,262.3828571428571,208.85651111030546,181.0,0.7959990732038994,175,9.5,0.0,46603.0,Touch Typist,More than 3 hours per day,20-29,Female
130,H,112.25581395348837,39.34468655949767,478.5348837209302,1251.9615557299742,237.0,2.292415473643195,129,3.0,0.0,61883.0,Touch Typist,More than 3 hours per day,20-29,Female
130,H,112.25581395348837,39.34468655949767,478.5348837209302,1251.9615557299742,237.0,2.292415473643195,129,3.0,0.0,61883.0,Touch Typist,between 1 hour and 3 hours per day,20-29,Female
130,H,112.25581395348837,39.34468655949767,478.5348837209302,1251.9615557299742,237.0,2.292415473643195,129,3.0,0.0,61883.0,Touch Typist,More than 3 hours per day,20-29,Female
130,N,110.16725978647686,81.9364500713007,457.44009489916965,1251.9615557299742,208.0,2.292415473643195,843,11.166666666666666,0.0,137145.0,Touch Typist,More than 3 hours per day,20-29,Female
130,N,110.16725978647686,81.9364500713007,457.44009489916965,1251.9615557299742,208.0,2.292415473643195,843,11.166666666666666,0.0,137145.0,Touch Typist,between 1 hour and 3 hours per day,20-29,Female
130,N,110.16725978647686,81.9364500713007,457.44009489916965,1251.9615557299742,208.0,2.292415473643195,843,11.166666666666666,0.0,137145.0,Touch Typist,More than 3 hours per day,20-29,Female
131,C,48.19139597687092,6.344729879924408,734.043706385014,810.4162659969136,408.875,0.831738372582177,118,8.0,0.0,114979.0,Touch Typist,less than an hour per day,20-29,Male
131,C,48.19139597687092,6.344729879924408,734.043706385014,810.4162659969136,408.875,0.831738372582177,118,8.0,0.0,114979.0,Touch Typist,less than an hour per day,30-39,Male
131,C,48.19139597687092,6.344729879924408,734.043706385014,810.4162659969136,408.875,0.831738372582177,118,8.0,0.0,114979.0,Touch Typist,between 1 hour and 3 hours per day,20-29,Male
131,N,72.1135593220339,51.49291397218717,652.5576271186441,1251.9615557299742,268.0,2.292415473643195,590,6.0,9.5,129344.0,Touch Typist,less than an hour per day,20-29,Male
131,N,72.1135593220339,51.49291397218717,652.5576271186441,1251.9615557299742,268.0,2.292415473643195,590,6.0,9.5,129344.0,Touch Typist,less than an hour per day,30-39,Male
131,N,72.1135593220339,51.49291397218717,652.5576271186441,1251.9615557299742,268.0,2.292415473643195,590,6.0,9.5,129344.0,Touch Typist,between 1 hour and 3 hours per day,20-29,Male
133,A,80.37704918032787,48.34383397655293,293.4590163934426,231.54618178697334,208.0,0.7890239142509008,183,11.0,0.0,53759.0,Touch Typist,between 1 hour and 3 hours per day,20-29,Female
133,C,96.09937888198758,42.798540420343784,389.87577639751555,520.2526040031416,289.0,1.334406073673822,161,5.5,0.0,62902.0,Touch Typist,between 1 hour and 3 hours per day,20-29,Female
133,H,70.89380530973452,26.35687861961086,261.1946902654867,154.15818976478346,233.0,0.5902041485150105,113,5.5,0.0,29665.0,Touch Typist,between 1 hour and 3 hours per day,20-29,Female
133,N,79.4392523364486,47.50017100440548,322.24766355140184,311.236575582676,233.5,0.965830355921357,214,6.5,0.0,69013.0,Touch Typist,between 1 hour and 3 hours per day,20-29,Female
133,S,112.90277777777777,38.628827136431234,428.8888888888889,260.2928987936343,346.5,0.606900541228681,144,5.0,0.0,61856.0,Touch Typist,between 1 hour and 3 hours per day,20-29,Female
135,N,99.47826086956522,67.42912796612647,417.0,413.62716583223886,245.5,0.9919116686624434,230,8.5,0.0,96019.0,Two Finger Typist,between 1 hour and 3 hours per day,20-29,Female
136,C,119.94701986754967,32.19125928560322,388.3245033112583,253.62556521162898,336.0,0.6531278944515577,151,3.0,0.0,58774.0,Touch Typist,More than 3 hours per day,20-29,Female
136,N,108.04761904761905,43.69749885047419,366.3285714285714,306.9098049368419,252.0,0.8377992569347951,210,3.5,0.0,77063.0,Touch Typist,More than 3 hours per day,20-29,Female
138,A,85.96629213483146,15.282610359307112,500.4157303370786,507.48942955207514,276.0,1.0141356451969081,178,5.5,2.0,89192.0,Two Finger Typist,between 1 hour and 3 hours per day,20-29,Male
138,H,84.08035714285714,16.256468369091234,454.9107142857143,443.5590407001898,301.0,0.975046370135844,112,0.0,0.0,51046.0,Two Finger Typist,between 1 hour and 3 hours per day,20-29,Male
138,N,80.8495145631068,16.101860966747598,499.3980582524272,830.8381585211091,260.5,1.6636791929638446,206,4.5,0.5,102935.0,Two Finger Typist,between 1 hour and 3 hours per day,20-29,Male
138,S,83.53246753246754,19.440934117518225,471.2597402597403,477.6369229166287,278.5,1.0135322033946152,154,6.0,0.0,72796.0,Two Finger Typist,between 1 hour and 3 hours per day,20-29,Male
139,H,85.2258064516129,44.595533465083754,539.5322580645161,458.4125034738921,399.0,0.8496479990248815,124,2.0,1.0,67581.0,Touch Typist,More than 3 hours per day,20-29,Female
139,N,114.26905829596413,81.9364500713007,575.9506726457399,920.2937115800964,363.0,1.5978689760922593,223,57.5,7.0,129700.0,Touch Typist,More than 3 hours per day,20-29,Female
141,N,122.27884615384616,32.015532682773284,424.1394230769231,468.28874900853094,279.0,1.1040915404923364,208,36.0,0.0,88328.0,Touch Typist,between 1 hour and 3 hours per day,16-19,Female
142,C,155.91353149318832,61.7511724741726,199.35542168674698,106.6657773671399,170.5,0.5350533056218906,166,15.5,0.0,33772.0,Touch Typist,More than 3 hours per day,20-29,Female
142,N,148.3177570093458,40.99435392953893,198.77570093457945,194.41883100177805,159.0,0.9780814761949437,214,13.0,0.0,42703.0,Touch Typist,More than 3 hours per day,20-29,Female
144,A,150.93567251461988,46.71202719527512,405.12865497076024,359.88208174664373,272.0,0.8883155445339156,171,8.0,0.0,70844.0,Two Finger Typist,less than an hour per day,20-29,Male
144,A,150.93567251461988,46.71202719527512,405.12865497076024,359.88208174664373,272.0,0.8883155445339156,171,8.0,0.0,70844.0,Touch Typist,between 1 hour and 3 hours per day,20-29,Male
144,C,122.34394904458598,54.829188531969976,291.30573248407643,201.43137351504788,222.0,0.691477547651963,157,2.5,0.0,45846.0,Two Finger Typist,less than an hour per day,20-29,Male
144,C,122.34394904458598,54.829188531969976,291.30573248407643,201.43137351504788,222.0,0.691477547651963,157,2.5,0.0,45846.0,Touch Typist,between 1 hour and 3 hours per day,20-29,Male
144,H,119.84482758620689,43.91664108647019,298.7586206896552,294.0663226194909,203.5,0.9842940161548056,116,0.5,0.0,34748.0,Two Finger Typist,less than an hour per day,20-29,Male
144,H,119.84482758620689,43.91664108647019,298.7586206896552,294.0663226194909,203.5,0.9842940161548056,116,0.5,0.0,34748.0,Touch Typist,between 1 hour and 3 hours per day,20-29,Male
144,N,134.5812356979405,43.62250403292521,321.45995423340963,302.62465984428553,212.0,0.9414070270928737,437,10.25,0.0,70337.5,Two Finger Typist,less than an hour per day,20-29,Male
144,N,134.5812356979405,43.62250403292521,321.45995423340963,302.62465984428553,212.0,0.9414070270928737,437,10.25,0.0,70337.5,Touch Typist,between 1 hour and 3 hours per day,20-29,Male
144,S,121.20689655172414,44.735316733185094,253.99310344827586,185.36448691068858,203.0,0.729801259932386,145,7.5,0.0,36924.0,Two Finger Typist,less than an hour per day,20-29,Male
144,S,121.20689655172414,44.735316733185094,253.99310344827586,185.36448691068858,203.0,0.729801259932386,145,7.5,0.0,36924.0,Touch Typist,between 1 hour and 3 hours per day,20-29,Male
147,A,79.24864864864865,33.0053159554048,270.23783783783784,256.919073867704,194.0,0.9507146590695934,185,9.0,0.0,50111.0,Touch Typist,More than 3 hours per day,20-29,Female
147,A,79.24864864864865,33.0053159554048,270.23783783783784,256.919073867704,194.0,0.9507146590695934,185,9.0,0.0,50111.0,Touch Typist,More than 3 hours per day,20-29,Female
147,A,79.24864864864865,33.0053159554048,270.23783783783784,256.919073867704,194.0,0.9507146590695934,185,9.0,0.0,50111.0,Touch Typist,More than 3 hours per day,20-29,Female
147,H,86.57587548638132,31.94616873718093,263.0933852140078,217.88713533647692,194.0,0.8281741297267551,257,5.5,0.0,33859.0,Touch Typist,More than 3 hours per day,20-29,Female
147,H,86.57587548638132,31.94616873718093,263.0933852140078,217.88713533647692,194.0,0.8281741297267551,257,5.5,0.0,33859.0,Touch Typist,More than 3 hours per day,20-29,Female
147,H,86.57587548638132,31.94616873718093,263.0933852140078,217.88713533647692,194.0,0.8281741297267551,257,5.5,0.0,33859.0,Touch Typist,More than 3 hours per day,20-29,Female
147,N,91.79514415781487,39.29205091540479,274.52048558421853,210.6512786712744,211.0,0.7673426564978513,659,6.666666666666667,0.0,60549.666666666664,Touch Typist,More than 3 hours per day,20-29,Female
147,N,91.79514415781487,39.29205091540479,274.52048558421853,210.6512786712744,211.0,0.7673426564978513,659,6.666666666666667,0.0,60549.666666666664,Touch Typist,More than 3 hours per day,20-29,Female
147,N,91.79514415781487,39.29205091540479,274.52048558421853,210.6512786712744,211.0,0.7673426564978513,659,6.666666666666667,0.0,60549.666666666664,Touch Typist,More than 3 hours per day,20-29,Female
148,C,95.95566502463055,27.87903511488051,236.38916256157634,265.37455555017635,176.0,1.1226172666906828,203,13.0,0.0,48098.0,Touch Typist,between 1 hour and 3 hours per day,20-29,Female
148,H,93.36363636363636,25.551108109184167,266.3636363636364,454.76322625079825,172.0,1.7073022145934404,132,25.0,0.0,35239.0,Touch Typist,between 1 hour and 3 hours per day,20-29,Female
148,N,89.94372294372295,20.515346154002824,206.93073593073592,179.9290547600564,157.0,0.8695134338104437,231,16.5,0.0,47900.0,Touch Typist,between 1 hour and 3 hours per day,20-29,Female
150,A,109.8132530120482,45.909740885150484,288.9156626506024,167.2209356777798,238.0,0.5787880592683787,166,5.5,0.0,48098.0,Touch Typist,More than 3 hours per day,20-29,Female
150,N,106.26339285714286,47.51471142593434,304.38392857142856,216.93216668429937,242.0,0.7126925777666109,224,9.0,0.0,68788.0,Touch Typist,More than 3 hours per day,20-29,Female
150,S,117.98765432098766,45.67125135875736,410.72222222222223,334.9837161148461,331.5,0.8155967658686907,162,7.5,0.0,66634.0,Touch Typist,More than 3 hours per day,20-29,Female
155,A,78.09554140127389,40.754704532506786,260.71974522292993,194.75914890445057,192.0,0.7470057503236689,157,5.5,0.0,41039.0,Touch Typist,More than 3 hours per day,20-29,Male
155,N,100.03465346534654,51.83818860780169,300.0940594059406,239.5479284282897,229.0,0.7982428206092895,202,1.0,0.0,60704.0,Touch Typist,More than 3 hours per day,20-29,Male
155,S,108.04347826086956,40.618910695162256,347.28985507246375,207.1300660838287,286.0,0.5964184183860194,138,1.5,0.0,48059.0,Touch Typist,More than 3 hours per day,20-29,Male
161,N,85.65700483091787,41.41669890596022,272.42512077294685,244.36520287387918,208.0,0.8969995211181195,207,4.0,0.0,56502.0,Touch Typist,More than 3 hours per day,20-29,Male
164,H,102.44736842105263,65.80570652088328,734.043706385014,1251.9615557299742,408.875,2.292415473643195,114,1.5,0.0,102126.0,Touch Typist,between 1 hour and 3 hours per day,30-39,Female
164,N,95.70982142857143,53.56694560038417,734.043706385014,1251.9615557299742,408.875,2.292415473643195,224,6.5,0.0,292312.0,Touch Typist,between 1 hour and 3 hours per day,30-39,Female
167,H,100.60144927536231,25.654225148253108,242.34057971014494,223.06087337715297,174.0,0.9204437558247498,138,16.0,0.0,33559.0,Touch Typist,between 1 hour and 3 hours per day,20-29,Female
167,N,89.91379310344827,21.40280722918786,181.94827586206895,152.11819301483305,156.5,0.836051852066741,58,14.0,0.0,98239.0,Touch Typist,between 1 hour and 3 hours per day,20-29,Female
168,N,79.70408163265306,38.9789447920412,276.8265306122449,237.49550173382045,211.0,0.8579217505221126,196,1.5,0.0,54371.0,Touch Typist,More than 3 hours per day,20-29,Female
170,C,80.59235668789809,21.593254945792903,624.8089171974523,762.3773977411978,375.0,1.2201768840957035,157,9.0,0.0,98157.0,Two Finger Typist,between 1 hour and 3 hours per day,30-39,Male
170,N,77.02427184466019,19.959334101113853,599.0242718446602,751.0863705282965,322.0,1.253849644882285,206,4.5,0.0,123464.0,Two Finger Typist,between 1 hour and 3 hours per day,30-39,Male
171,H,130.85294117647058,47.58454922155653,449.88235294117646,738.5654168355935,251.5,1.6416856807276525,136,9.0,3.0,63056.0,Touch Typist,between 1 hour and 3 hours per day,20-29,Female
171,N,127.22488038277513,79.30389548773054,734.043706385014,1251.9615557299742,236.0,2.292415473643195,209,14.5,0.0,203345.0,Touch Typist,between 1 hour and 3 hours per day,20-29,Female
174,A,89.63694267515923,44.3293548725149,262.3375796178344,181.6887855555986,200.0,0.6925762821334154,157,4.0,0.0,41317.0,One Finger Typist,between 1 hour and 3 hours per day,20-29,Male
174,A,89.63694267515923,44.3293548725149,262.3375796178344,181.6887855555986,200.0,0.6925762821334154,157,4.0,0.0,41317.0,Touch Typist,More than 3 hours per day,20-29,Female
174,N,88.50226244343891,40.23645644061844,404.56410256410254,1251.9615557299742,219.0,2.292415473643195,663,5.0,0.0,89860.33333333333,One Finger Typist,between 1 hour and 3 hours per day,20-29,Male
174,N,88.50226244343891,40.23645644061844,404.56410256410254,1251.9615557299742,219.0,2.292415473643195,663,5.0,0.0,89860.33333333333,Touch Typist,More than 3 hours per day,20-29,Female
181,N,89.3388625592417,42.73929538170387,615.9952606635071,1251.9615557299742,248.0,2.292415473643195,422,6.0,0.75,130260.0,Touch Typist,between 1 hour and 3 hours per day,30-39,Male
181,N,89.3388625592417,42.73929538170387,615.9952606635071,1251.9615557299742,248.0,2.292415473643195,422,6.0,0.75,130260.0,Touch Typist,More than 3 hours per day,20-29,Female
181,N,89.3388625592417,42.73929538170387,615.9952606635071,1251.9615557299742,248.0,2.292415473643195,422,6.0,0.75,130260.0,Touch Typist,More than 3 hours per day,20-29,Female
193,N,139.54166666666666,81.9364500713007,232.18055555555554,211.3979159688406,160.0,0.9104893192412828,216,74.0,0.0,50261.0,Touch Typist,More than 3 hours per day,20-29,Male
